{"cameraMode":{"drawMode":0,"name":"Shaded","section":"Shading Mode"},"sceneLighting":false,"audioPlay":false,"sceneViewState":{"m_AlwaysRefresh":false,"showFog":true,"showSkybox":false,"showFlares":true,"showImageEffects":true,"showParticleSystems":true,"showVisualEffectGraphs":true,"m_FxEnabled":true},"in2DMode":false,"pivot":{"x":-11.950780868530274,"y":1.6194278001785279,"z":12.704659461975098},"rotation":{"x":0.038977064192295077,"y":0.02607901580631733,"z":-0.0010183544363826514,"w":0.9989038109779358},"size":8.272656440734864,"orthographic":true}