{"cameraMode":{"drawMode":0,"name":"Shaded","section":"Shading Mode"},"sceneLighting":false,"audioPlay":false,"sceneViewState":{"m_AlwaysRefresh":false,"showFog":true,"showSkybox":false,"showFlares":true,"showImageEffects":true,"showParticleSystems":true,"showVisualEffectGraphs":true,"m_FxEnabled":true},"in2DMode":false,"pivot":{"x":0.03114759922027588,"y":-0.594733715057373,"z":11.618265151977539},"rotation":{"x":0.004499840084463358,"y":-0.008101748302578926,"z":0.00003646025652415119,"w":0.9999576807022095},"size":5.992384910583496,"orthographic":true}