{"cameraMode":{"drawMode":0,"name":"Shaded","section":"Shading Mode"},"sceneLighting":false,"audioPlay":false,"sceneViewState":{"m_AlwaysRefresh":false,"showFog":true,"showSkybox":false,"showFlares":true,"showImageEffects":true,"showParticleSystems":true,"showVisualEffectGraphs":true,"m_FxEnabled":true},"in2DMode":false,"pivot":{"x":0.007511153817176819,"y":0.18215349316596986,"z":0.03123021125793457},"rotation":{"x":0.08388333767652512,"y":-0.020629383623600007,"z":0.0017366907559335232,"w":0.9962618350982666},"size":13.353485107421875,"orthographic":false}