{"cameraMode":{"drawMode":0,"name":"Shaded","section":"Shading Mode"},"sceneLighting":false,"audioPlay":false,"sceneViewState":{"m_AlwaysRefresh":false,"showFog":true,"showSkybox":false,"showFlares":true,"showImageEffects":true,"showParticleSystems":true,"showVisualEffectGraphs":true,"m_FxEnabled":true},"in2DMode":false,"pivot":{"x":12.198464393615723,"y":1.4675793647766114,"z":13.469754219055176},"rotation":{"x":-0.0005981367430649698,"y":0.11375351250171662,"z":0.00006901689630467445,"w":0.9935113787651062},"size":6.8842244148254398,"orthographic":true}