{"cameraMode":{"drawMode":0,"name":"Shaded","section":"Shading Mode"},"sceneLighting":false,"audioPlay":false,"sceneViewState":{"m_AlwaysRefresh":false,"showFog":true,"showSkybox":false,"showFlares":true,"showImageEffects":true,"showParticleSystems":true,"showVisualEffectGraphs":true,"m_FxEnabled":true},"in2DMode":false,"pivot":{"x":-1.5002894401550294,"y":1.7345349788665772,"z":1.9441781044006348},"rotation":{"x":0.09558546543121338,"y":-0.07429047673940659,"z":0.007153820712119341,"w":0.9926207065582275},"size":2.7537834644317629,"orthographic":false}