{"cameraMode":{"drawMode":0,"name":"Shaded","section":"Shading Mode"},"sceneLighting":true,"audioPlay":false,"sceneViewState":{"m_AlwaysRefresh":false,"showFog":true,"showSkybox":true,"showFlares":true,"showImageEffects":true,"showParticleSystems":true,"showVisualEffectGraphs":true,"m_FxEnabled":true},"in2DMode":false,"pivot":{"x":2.5583443641662599,"y":1.6911348104476929,"z":0.06209516525268555},"rotation":{"x":-0.07031860202550888,"y":-0.05892045050859451,"z":-0.004160797689110041,"w":0.9957741498947144},"size":18.782182693481447,"orthographic":false}